traffic_model,series,forecaster,seed,mae,mse,rmse,smape,dir_acc,count
step,edge,holt_winters,7,0.3032908275455617,0.16509754155930462,0.4063219678522251,98.71366683237092,49.00221729490022,505
step,edge,holt_winters,19,0.31636100730239547,0.16589353444228505,0.4073003000763504,84.95719985738191,54.27251732101617,454
step,edge,holt_winters,42,0.2968399287277342,0.15191943087314677,0.3897684323712565,86.02509983986873,48.655256723716384,438
step,edge,holt_winters,101,0.34013907421974654,0.18568178283981157,0.430908090942618,67.89906452950837,50.995024875621894,413
step,edge,holt_winters,123,0.33287804423737527,0.1922864769961317,0.4385048198094654,83.62454315985966,45.31645569620253,414
step,edge,naive_persistence,7,0.29979548039215687,0.16002124406582244,0.4000265542008711,92.1712035463082,62.5,510
step,edge,naive_persistence,19,0.31542141249092226,0.16483006136787853,0.40599268634776975,87.64489703932789,59.403669724770644,459
step,edge,naive_persistence,42,0.2922559697140707,0.1453128410745152,0.3811992144201181,86.07970104351412,60.869565217391305,443
step,edge,naive_persistence,101,0.3365352840909091,0.17734173845723558,0.4211196248778197,72.62987199708735,59.75308641975309,418
step,edge,naive_persistence,123,0.32466425218774864,0.18458053694453477,0.4296283707397997,83.2259048475465,63.909774436090224,419
step,edge,simple_exp_smooth,7,0.3281113145364768,0.1918032099711232,0.437953433564715,101.38422024632227,60.5726872246696,508
step,edge,simple_exp_smooth,19,0.3608760834407892,0.2166830141371887,0.4654922277946096,87.50276554376812,58.62068965517241,457
step,edge,simple_exp_smooth,42,0.3474894307143531,0.1943717657915595,0.4408761342957447,91.22701501151994,55.8252427184466,441
step,edge,simple_exp_smooth,101,0.40411922827155394,0.2605707038816817,0.5104612657995528,72.8883969929191,53.21782178217822,416
step,edge,simple_exp_smooth,123,0.3824431726346644,0.24554219252462478,0.49552214130614264,87.6572479780726,56.28140703517588,417
step,edge,arima_1_1_0,7,0.2971471142063546,0.16136740003253708,0.4017056136432961,97.33496432124757,54.44444444444444,503
step,edge,arima_1_1_0,19,0.31619788365531926,0.1655881610024308,0.40692525235285015,87.80672755966938,55.68445475638051,452
step,edge,arima_1_1_0,42,0.29653604219287955,0.14757869309378152,0.3841597234143391,89.06824679103784,47.794117647058826,436
step,edge,arima_1_1_0,101,0.3393832054143086,0.179712740795148,0.42392539531755824,73.18507311878601,49.0,411
step,edge,arima_1_1_0,123,0.32685099978724963,0.18723804037548528,0.4327101112471088,86.63671122923185,49.36386768447837,412
step,cloud,holt_winters,7,0.022431950465216868,0.0029119405570098267,0.053962399474169295,169.0373163821026,67.21311475409836,505
step,cloud,holt_winters,19,0.01869958832638619,0.001856188932735974,0.043083511146794595,168.45245606381206,64.55026455026454,454
step,cloud,holt_winters,42,0.018893627042808673,0.0023223702499076794,0.04819097685156091,156.57548687468832,70.0,438
step,cloud,holt_winters,101,0.029574598423434253,0.005481022892748282,0.07403393068551933,169.17749897988713,69.1919191919192,413
step,cloud,holt_winters,123,0.02250727680377352,0.002470890760684557,0.049708055289706884,167.17452673523312,66.66666666666667,414
step,cloud,naive_persistence,7,0.021848989106753813,0.004143231714551295,0.06436794011424705,68.49161493126665,51.075268817204304,510
step,cloud,naive_persistence,19,0.017688670055676592,0.00256548754008451,0.05065064205007188,73.86626004118678,48.67724867724868,459
step,cloud,naive_persistence,42,0.019695055430147983,0.0033124617439228045,0.0575539898175861,69.58661755708344,51.16279069767442,443
step,cloud,naive_persistence,101,0.029376852206273257,0.007018206256018903,0.08377473518918996,83.07094651219688,51.5,418
step,cloud,naive_persistence,123,0.021285253248475206,0.0032711736929168216,0.05719417534082314,85.23616279677925,46.766169154228855,419
step,cloud,simple_exp_smooth,7,0.0215108240394585,0.0027181865340703596,0.05213623053185145,184.34800365867892,74.45652173913044,508
step,cloud,simple_exp_smooth,19,0.017557382712124824,0.0016481979633059466,0.04059800442516783,180.03438626855478,78.3068783068783,457
step,cloud,simple_exp_smooth,42,0.018353041737794843,0.0020303976573301306,0.04505993405820886,180.94403683320257,78.94736842105263,441
step,cloud,simple_exp_smooth,101,0.026124238591320383,0.004362997745724156,0.06605299195134279,172.13788667488456,74.5,416
step,cloud,simple_exp_smooth,123,0.020112943437611025,0.0020740512694386835,0.04554175303431658,174.16639653949946,77.5,417
step,cloud,arima_1_1_0,7,0.021888234507441647,0.0034996882461700695,0.059158162971563524,84.553013566082,69.94535519125684,503
step,cloud,arima_1_1_0,19,0.018533219733881,0.002208639587266158,0.046996165665574866,96.81107497532724,67.72486772486772,452
step,cloud,arima_1_1_0,42,0.018419706642317416,0.002384735668817602,0.048833755424067087,87.6765908949292,69.8224852071006,436
step,cloud,arima_1_1_0,101,0.027176516347103757,0.005553071108314434,0.07451893120754238,100.06233927295807,78.06122448979592,411
step,cloud,arima_1_1_0,123,0.02141604505543581,0.0026853572600863806,0.051820432843487335,106.41286791661621,69.54314720812182,412
ramped,edge,holt_winters,7,0.2832088832987695,0.1357277213105091,0.36841243370780674,105.18260615682725,53.36225596529284,521
ramped,edge,holt_winters,19,0.30630655680471414,0.16591705191148085,0.4073291689917147,94.33015050592823,46.403712296983755,474
ramped,edge,holt_winters,42,0.28192110445035123,0.1474181838904655,0.38395075711667176,97.71425855693282,47.61904761904762,472
ramped,edge,holt_winters,101,0.31271674473711764,0.16080008825313197,0.4009988631569072,90.72414949929457,46.15384615384615,463
ramped,edge,holt_winters,123,0.2893992232907324,0.1454470753677116,0.38137524220603464,104.46942317368958,50.779510022271715,487
ramped,edge,naive_persistence,7,0.28622503010139416,0.13819121129317305,0.3717407850817193,95.18887023275052,59.871244635193136,526
ramped,edge,naive_persistence,19,0.30081379610299236,0.160200751497597,0.40025086070812765,90.56566467904887,61.29032258064516,479
ramped,edge,naive_persistence,42,0.2784694566736548,0.14316681957768534,0.3783739150333772,91.04577047752224,60.94117647058823,477
ramped,edge,naive_persistence,101,0.3094936636396011,0.1556285884943402,0.39449789415704134,89.50078112365759,60.879629629629626,468
ramped,edge,naive_persistence,123,0.2865707435636856,0.14147664814545857,0.3761338168065437,101.0995681664995,60.264900662251655,492
ramped,edge,simple_exp_smooth,7,0.32452913170825776,0.177281440367387,0.4210480262005594,106.76270053283956,59.05172413793103,524
ramped,edge,simple_exp_smooth,19,0.34428145011745903,0.19299423531748772,0.43931109173055,98.70234492023717,57.967667436489606,477
ramped,edge,simple_exp_smooth,42,0.3189722864960397,0.17600790560061141,0.4195329612802925,102.89553197664883,58.86524822695036,475
ramped,edge,simple_exp_smooth,101,0.3569737548976234,0.21210163998334797,0.4605449380715719,95.77340458193625,58.0046403712297,466
ramped,edge,simple_exp_smooth,123,0.308811413530755,0.16901515307850068,0.4111145255017155,101.60996315558798,60.84070796460177,490
ramped,edge,arima_1_1_0,7,0.28558001344388695,0.13846674013731086,0.37211119324378145,101.73127662756424,52.17391304347826,519
ramped,edge,arima_1_1_0,19,0.30414624283486447,0.16137794306417108,0.4017187362622897,97.04716983415874,51.282051282051285,472
ramped,edge,arima_1_1_0,42,0.27979201183743335,0.14384890808472747,0.3792741858929071,98.09162240674938,51.07398568019093,470
ramped,edge,arima_1_1_0,101,0.31316314855004856,0.1590600163660775,0.3988232896485328,93.83097509420809,49.64871194379391,461
ramped,edge,arima_1_1_0,123,0.28524116680828016,0.14149865526411917,0.3761630700429259,105.87804482849391,56.59955257270693,485
ramped,cloud,holt_winters,7,0.02203322540140745,0.00300371758250697,0.054806181973450496,170.1765265656246,64.04494382022472,521
ramped,cloud,holt_winters,19,0.024003659168688223,0.0025598757868150832,0.05059521505849227,171.5769930428039,62.926829268292686,474
ramped,cloud,holt_winters,42,0.020129901042827292,0.0026340139402043013,0.05132264549109195,162.50917364957309,66.87898089171975,472
ramped,cloud,holt_winters,101,0.03180354196509695,0.003936005963135477,0.06273759608986845,165.43227836895502,71.35678391959799,463
ramped,cloud,holt_winters,123,0.019140423371134332,0.0025452482437368826,0.05045045335511746,167.85344060773826,65.53672316384181,487
ramped,cloud,naive_persistence,7,0.020940792564427543,0.004234953689729099,0.06507652180110042,60.90930832569122,52.48618784530387,526
ramped,cloud,naive_persistence,19,0.022946494084899096,0.0036577254520673216,0.06047913236867177,80.66001510123672,49.51456310679612,479
ramped,cloud,naive_persistence,42,0.021310296762170975,0.003981601332156119,0.06309993131657211,57.50698224672433,50.314465408805034,477
ramped,cloud,naive_persistence,101,0.029266386989553656,0.00547407346355028,0.07398698171672013,74.43717006265636,50.753768844221106,468
ramped,cloud,naive_persistence,123,0.017330397922312557,0.003319072932640068,0.05761139585741755,66.37560000305618,50.0,492
ramped,cloud,simple_exp_smooth,7,0.020178507113838007,0.00260076652025105,0.050997710931482504,183.93501221466178,75.97765363128492,524
ramped,cloud,simple_exp_smooth,19,0.021952019658386942,0.0022298182961193037,0.04722095187646373,181.98246144493098,79.12621359223301,477
ramped,cloud,simple_exp_smooth,42,0.021546967782271054,0.0025951225962797374,0.05094234580660511,180.41476783978365,78.48101265822785,475
ramped,cloud,simple_exp_smooth,101,0.02945947990828117,0.0035697219324213924,0.05974714999413271,176.80777679519238,79.89949748743719,466
ramped,cloud,simple_exp_smooth,123,0.01737533944507433,0.002126029198203485,0.04610888415699826,183.55647151808938,73.18435754189944,490
ramped,cloud,arima_1_1_0,7,0.02024917724889399,0.0031159066341375427,0.05582030664675305,76.94771353072527,69.66292134831461,519
ramped,cloud,arima_1_1_0,19,0.0224395912944165,0.002800117567812415,0.05291613712103724,104.79335513118536,71.07843137254902,472
ramped,cloud,arima_1_1_0,42,0.020972435597602347,0.003016511325492465,0.05492277601771842,74.85981762390841,62.82051282051282,470
ramped,cloud,arima_1_1_0,101,0.03044098580585951,0.0045707609709072766,0.06760740322558823,91.32338085107398,69.84924623115577,461
ramped,cloud,arima_1_1_0,123,0.018248079333631265,0.0027775752515145106,0.0527027063016171,84.24461024599532,68.18181818181819,485
