policy,seed,tasks,edge_pct,cloud_pct,avg_latency,p95_latency,avg_energy,violation_pct,avg_edge_backlog,avg_cloud_backlog,edge_pred_mae,edge_naive_mae,cloud_pred_mae,cloud_naive_mae,arima_pred_mae,arima_naive_mae,burst_tasks,burst_violation_pct,burst_avg_latency,calm_tasks,calm_violation_pct,calm_avg_latency
edge_only,7,500,100.0,0.0,1.287754611666666,3.7826385833333305,0.2845651375,40.4,1.1199777046640569,0.0,0.40527336825002164,0.322928509458578,0.027581579317035563,0.0,0.0,0.0,313,45.68690095846645,1.438418190894568,187,31.550802139037433,1.0355743961675572
cloud_only,7,500,0.0,100.0,0.8796361995138162,2.43629919137773,0.9573051758076399,18.6,0.0,0.07375545488149597,0.11525159928904147,0.0,0.10405638921081321,0.1013776242661448,0.0,0.0,313,28.115015974440894,1.110028557256773,187,2.6737967914438503,0.4940062103504717
threshold,7,500,81.2,18.8,0.5684929790614776,2.3849052179160344,0.5331707956573787,13.8,0.19264616927592956,0.036047726679712976,0.23700701787214856,0.17966206947162425,0.10480790071725765,0.06040464187866928,0.0,0.0,313,18.849840255591054,0.663011683476368,187,5.347593582887701,0.4102878748804042
reactive,7,500,71.6,28.4,0.5460346156434325,1.7000156276639788,0.36991657370476444,6.6,0.5270206808545336,0.012766695151119807,0.4096476004223586,0.2992087964774951,0.03428551736999082,0.02180623178951946,0.0,0.0,313,9.904153354632587,0.6537980009969359,187,1.0695187165775402,0.36566060700361136
naive_persistence,7,500,70.8,29.2,0.543052128545737,1.6873001722893315,0.37082028189184096,6.4,0.5283732795172863,0.012646790824092195,0.4197147314277681,0.3052358235485975,0.034390758490138285,0.022079672102631006,0.0,0.0,313,9.584664536741213,0.6427415542558444,187,1.0695187165775402,0.376192287651279
arima,7,500,70.6,29.4,0.5437442878129954,1.6873001722893315,0.37094692738524,6.4,0.5297264244944554,0.012547123070232659,0.41997005513193103,0.3050614057403783,0.03388827628706374,0.02186545075016308,0.30192790279736487,0.3050614057403783,313,9.584664536741213,0.6441702953315522,187,1.0695187165775402,0.37565155865091915
predictive,7,500,69.6,30.4,0.5419131789417573,1.6873001722893315,0.37273414458469406,6.4,0.5261788078930202,0.013002587736464448,0.4226190879624575,0.3049086154598826,0.03447858849305137,0.02247015525114155,0.0,0.0,313,9.584664536741213,0.6416216049640215,187,1.0695187165775402,0.37502153538577454
edge_only,19,500,100.0,0.0,1.401860358333332,3.2740072916666585,0.2778583675,44.8,1.2435364239130424,0.0,0.40727516662736385,0.3312815724637681,0.02980886118608933,0.0,0.0,0.0,361,50.692520775623265,1.5661644194367486,139,29.496402877697843,0.9751426169064743
cloud_only,19,500,0.0,100.0,0.92753673386731,2.554443365142389,1.0265015852314177,21.6,0.0,0.07892383140096618,0.12455845567044471,0.0,0.10429961695183552,0.10399077487922705,0.0,0.0,361,29.6398891966759,1.1215270037390057,139,0.7194244604316546,0.42372027758182657
threshold,19,500,80.6,19.4,0.612043659454032,2.4755233323903276,0.5632905805389534,13.6,0.2257050688405797,0.037938064734299524,0.2640699575374648,0.20933442572463767,0.10463506067424609,0.06008851111111111,0.0,0.0,361,18.282548476454295,0.7085561645573604,139,1.4388489208633093,0.36138888001301406
reactive,19,500,68.4,31.6,0.6019166121669255,1.7003230833333325,0.37225971638479655,8.0,0.6687760824275361,0.010419163768115943,0.4252868902382654,0.314735713768116,0.028962564291498433,0.017650216425120772,0.0,0.0,361,11.0803324099723,0.7077680712135984,139,0.0,0.3270074271608178
naive_persistence,19,500,67.2,32.8,0.595324031505053,1.6177222083333307,0.37521228261971,7.8,0.642346644021739,0.011679517391304349,0.4244800445157459,0.3131772355072464,0.030927209131263143,0.020041522222222226,0.0,0.0,361,10.803324099722992,0.7015248415073406,139,0.0,0.3195075393408386
arima,19,500,67.4,32.6,0.5970642982679892,1.676340354166665,0.37443336789254844,7.8,0.6484514547101448,0.01144675193236715,0.42343367714325814,0.3118323206521739,0.030268573228172425,0.01957872028985507,0.3108079266392911,0.3118323206521739,361,10.803324099722992,0.7039466205489038,139,0.0,0.31947783536575786
predictive,19,500,66.4,33.6,0.5884286276888825,1.5896304791666656,0.3743017267395421,7.4,0.6335726657608696,0.01195148115942029,0.4259276752197793,0.3132853423913044,0.03084989443254394,0.02034712367149759,0.0,0.0,361,10.249307479224377,0.6928634587302216,139,0.0,0.3171985988692897
edge_only,42,500,100.0,0.0,1.3641029066666661,3.696842958333329,0.26604310687500005,40.0,1.222917492492492,0.0,0.4024293859840931,0.3196235538663664,0.03102141250008876,0.0,0.0,0.0,393,40.966921119592875,1.4369231849024588,107,36.44859813084112,1.0966415109034264
cloud_only,42,500,0.0,100.0,0.9213292997372696,2.527396174011355,1.0157269250530965,19.6,0.0,0.0789846403903904,0.12962518794679945,0.0,0.10039926092634918,0.09915294394394396,0.0,0.0,393,24.681933842239186,1.0552293072217598,107,0.9345794392523364,0.4295283376680672
threshold,42,500,81.0,19.0,0.5988744891139441,2.5107780239415507,0.5815015717425002,15.2,0.1878097606981982,0.04169855655655656,0.2295237311166848,0.1797418975225225,0.11337630472689929,0.06455841891891893,0.0,0.0,393,19.083969465648856,0.6718575937469085,107,0.9345794392523364,0.33081504873305656
reactive,42,500,71.6,28.4,0.5720697753695425,1.592775109254907,0.3619811634769896,5.4,0.6012709797297296,0.011703227227227227,0.40581723074383874,0.2916052712087087,0.031999331432636634,0.019650697197197198,0.0,0.0,393,6.870229007633588,0.6378941315057831,107,0.0,0.33030368227101387
naive_persistence,42,500,71.0,29.0,0.5702613570635995,1.592775109254907,0.36441091549569316,5.4,0.5985405930930932,0.01190231081081081,0.40813819121864936,0.292854306493994,0.032286066118296056,0.01968679579579579,0.0,0.0,393,6.870229007633588,0.6373164120147349,107,0.0,0.32397503373840136
arima,42,500,70.8,29.2,0.5680667237709839,1.592775109254907,0.36518852907221017,5.4,0.5973601557807808,0.01196771121121121,0.4076953213022114,0.292363803490991,0.03236294492701751,0.0198175965965966,0.2946326828840882,0.292363803490991,393,6.870229007633588,0.63452425769843,107,0.0,0.32397503373840136
predictive,42,500,70.0,30.0,0.5685465118702905,1.5544991874999983,0.36493809932859606,5.4,0.5989103406531531,0.01191043893893894,0.413948623472461,0.29517224943693693,0.03082889049140402,0.019163294294294295,0.0,0.0,393,6.870229007633588,0.6346925744539742,107,0.0,0.32559882406292867
edge_only,101,500,100.0,0.0,3.8246544558333544,7.046145000000017,0.298369577625,86.0,3.823530392800339,0.0,0.4717785314314389,0.3772700109387432,0.03453430142910646,0.0,0.0,0.0,427,87.11943793911007,3.890644858508998,73,79.45205479452055,3.4386557990867805
cloud_only,101,500,0.0,100.0,1.0737984402629421,2.7360321744095852,1.1791431141688227,24.4,0.0,0.09753022911694512,0.14430404525733773,0.0,0.12134988581852293,0.11546445849907186,0.0,0.0,427,28.337236533957846,1.1808110788985011,73,1.36986301369863,0.4478478005727546
threshold,101,500,77.0,23.0,0.723828265029224,2.6410314834576063,0.6805862591184284,16.8,0.25437672633253783,0.05177379315831344,0.2706337928360394,0.2008946857597454,0.13005228603803443,0.08295422036595068,0.0,0.0,427,19.437939110070257,0.7885790076058958,73,1.36986301369863,0.34508077077937543
reactive,101,500,63.8,36.2,0.7886985410363259,2.140036270833333,0.46634707244812046,11.6,0.8923181593078756,0.017953703792097587,0.48092833957407466,0.33576153440731904,0.04256645448305791,0.029306740387165207,0.0,0.0,427,13.583138173302109,0.8676212282954251,73,0.0,0.327054877205705
naive_persistence,101,500,63.4,36.6,0.77277474634991,2.124589504507965,0.465942322468425,11.0,0.863082672036595,0.018850570936091222,0.48348064978039623,0.33635440632458236,0.044304792151965915,0.030453105277114822,0.0,0.0,427,12.880562060889929,0.8503637903665675,73,0.0,0.3189319820332962
arima,101,500,63.2,36.8,0.7761904376927008,2.1306281689846793,0.467030104532313,11.2,0.8719842760540969,0.018679590294351633,0.48457776299482763,0.3377074015513127,0.043801565695016184,0.030092306549986743,0.3398391611998328,0.3377074015513127,427,13.114754098360656,0.8544024384425577,73,0.0,0.3187038031695655
predictive,101,500,63.4,36.6,0.7684899407498531,2.0788834181031564,0.4662478331050761,10.8,0.8511716706443911,0.01918822699549191,0.48324999845554445,0.3364532189737471,0.04526115405173406,0.031102217448952533,0.0,0.0,427,12.646370023419204,0.8453854630996447,73,0.0,0.3187038031695655
edge_only,123,500,100.0,0.0,1.4925098266666665,3.8661373750000005,0.260456280875,48.4,1.4000804047619049,0.0,0.43514156281241445,0.34082528869047624,0.03473973437326928,0.0,0.0,0.0,388,54.123711340206185,1.6349115528350517,112,28.571428571428573,0.9991895610119046
cloud_only,123,500,0.0,100.0,0.9315766681118888,2.5616471053354797,1.0220122793089021,23.6,0.0,0.08225852460317461,0.14516246148830375,0.0,0.11039965408446978,0.10495270952380951,0.0,0.0,388,30.412371134020617,1.076452273171707,112,0.0,0.4296861791546614
threshold,123,500,79.6,20.4,0.627827041120762,2.5241482422357295,0.582032563014845,14.4,0.2161226150793651,0.04329934259259259,0.24275476523774397,0.17617314880952384,0.11842224107758992,0.06914765767195767,0.0,0.0,388,18.556701030927837,0.7098843668156948,112,0.0,0.3435570199633163
reactive,123,500,65.6,34.4,0.610294358142784,1.8739850416666657,0.3819841021033853,8.6,0.6900788988095239,0.012360028306878306,0.4695141693203389,0.3238912420634921,0.03240915936597649,0.021234574074074076,0.0,0.0,388,11.082474226804123,0.6924295302083069,112,0.0,0.325754654915794
naive_persistence,123,500,65.0,35.0,0.6042914313728965,1.8412862916666664,0.3839785478083836,8.2,0.6775777500000001,0.013379905026455027,0.46639377957493644,0.3233188035714286,0.03505594496176336,0.02324985502645503,0.0,0.0,388,10.56701030927835,0.6848706087559239,112,0.0,0.32514213829598065
arima,123,500,65.2,34.8,0.6066021522057998,1.8607839999999987,0.38199011223526336,8.4,0.6849448184523809,0.01300056216931217,0.4686716286066524,0.3231336706349206,0.03446253964319287,0.022532024867724865,0.32447030374390856,0.3231336706349206,388,10.824742268041238,0.6887534165136893,112,0.0,0.3220067008534685
predictive,123,500,64.0,36.0,0.6011865374529468,1.8412862916666664,0.3856814034964597,8.0,0.672026810515873,0.01384173439153439,0.4660925506684705,0.32093055952380956,0.03592327152352103,0.024151513756613757,0.0,0.0,388,10.309278350515465,0.6821612290877737,112,0.0,0.32066707000372485
edge_only,256,500,100.0,0.0,0.9720160883333334,2.626088624999996,0.26128552975,25.2,0.8456454430811182,0.0,0.38178761530848415,0.3101032813565099,0.028224943888079664,0.0,0.0,0.0,380,28.42105263157895,1.073126471491228,120,15.0,0.6518332083333334
cloud_only,256,500,0.0,100.0,0.8938231413334541,2.3993617119995294,0.986670745632701,16.6,0.0,0.06947187661895025,0.11793994410376145,0.0,0.09396372270325955,0.0925095548738923,0.0,0.0,380,21.31578947368421,1.033904430892106,120,1.6666666666666667,0.45023239106438917
threshold,256,500,82.2,17.8,0.5638874027568552,2.3559684444058333,0.5317482402398955,11.8,0.18618220006816633,0.03258461645080663,0.23135722535767472,0.1834793379345603,0.09552237814603842,0.05050423267439218,0.0,0.0,380,14.473684210526315,0.6345207780480975,120,3.3333333333333335,0.34021504766792154
reactive,256,500,77.0,23.0,0.5366771206718701,1.5706350624999998,0.3376743376243123,4.4,0.5346634159850036,0.008205950693024313,0.39749535165626143,0.29994931237218814,0.02357933545305679,0.013609596000908882,0.0,0.0,380,5.7894736842105265,0.610138028721355,120,0.0,0.30405091184850147
naive_persistence,256,500,77.0,23.0,0.5346376554390558,1.5944110416666657,0.34217445834082255,4.8,0.5250031842194957,0.00845489002499432,0.39734113978820884,0.3006985250511247,0.02467690961653778,0.014112383549193364,0.0,0.0,380,6.315789473684211,0.6077985740366953,120,0.0,0.30296141321319686
arima,256,500,76.6,23.4,0.5341635394993661,1.569939416666666,0.34200646944892626,4.8,0.5266352709611453,0.008460430356737105,0.39845368589973906,0.3002967919222904,0.024212337194267526,0.014101196091797318,0.3008674109535064,0.3002967919222904,380,6.315789473684211,0.6068559427496674,120,0.0,0.3039709292067459
predictive,256,500,76.0,24.0,0.5312611386797349,1.569939416666666,0.3469429699875244,4.8,0.5136177479550103,0.00891980163599182,0.39768952437453636,0.299132511077028,0.025835688868744166,0.015157796864349012,0.0,0.0,380,6.315789473684211,0.6045641141560218,120,0.0,0.2991350496714928
edge_only,314,500,100.0,0.0,2.1862522408333347,7.618514958333334,0.27389256562500003,47.2,1.9730607329545473,0.0,0.41483214436418686,0.34165385416666666,0.03193175041336261,0.0,0.0,0.0,389,49.3573264781491,2.313648732862041,111,39.63963963963964,1.7397906606606628
cloud_only,314,500,0.0,100.0,0.938797243327148,2.5743654241980654,1.0367980661922467,19.8,0.0,0.08233336464646464,0.13342909994155092,0.0,0.10344008113517085,0.10065661085858586,0.0,0.0,389,25.19280205655527,1.0769343914827918,111,0.9009009009009009,0.45469498537628783
threshold,314,500,80.6,19.4,0.6380300716159746,2.560359201611399,0.5958647662460235,15.8,0.21422446212121213,0.04396682247474748,0.24050351465882025,0.18763805587121213,0.12139912704877787,0.07008525252525252,0.0,0.0,389,19.794344473007712,0.7152485739866504,111,1.8018018018018018,0.36741748222684995
reactive,314,500,66.0,34.0,0.6292292382825216,1.8277235208333322,0.3904327677981544,7.0,0.6781329782196968,0.014887118686868686,0.42732435164752386,0.3039888352272727,0.037910603937934426,0.0252067351010101,0.0,0.0,389,8.997429305912597,0.7066105867356747,111,0.0,0.35804595406381445
naive_persistence,314,500,64.8,35.2,0.627944312645883,1.8051197916666655,0.3900331900873582,6.8,0.6834833115530301,0.01451540606060606,0.43711306767652347,0.3105210473484848,0.036149477702343814,0.02487954722222222,0.0,0.0,389,8.740359897172237,0.7048756962220523,111,0.0,0.35833793236543393
arima,314,500,64.8,35.2,0.6283437894630899,1.8051197916666655,0.3897283721708371,6.8,0.6807547736742423,0.014927375757575757,0.43511504679612767,0.3080616988636363,0.03716510599775521,0.02558418964646465,0.3092314715301896,0.3080616988636363,389,8.740359897172237,0.7048756962220523,111,0.0,0.360137377487988
predictive,314,500,63.8,36.2,0.62561106309703,1.752595257164708,0.3953296146264156,7.2,0.6864807613636362,0.014815030050505053,0.43651675659938216,0.3091843522727272,0.036382643672283575,0.02527728813131313,0.0,0.0,389,9.254498714652957,0.703358785332421,111,0.0,0.35314382030813746
edge_only,500,500,100.0,0.0,1.4153002824999996,3.8021251041666653,0.25799094300000003,42.6,1.225634769131714,0.0,0.3908976655411338,0.3131753035320088,0.030333327394982085,0.0,0.0,0.0,384,48.697916666666664,1.580097925347222,116,22.413793103448278,0.8697632579022985
cloud_only,500,500,0.0,100.0,0.902066134194293,2.3205037291231894,0.9833692363959828,20.6,0.0,0.07533161785626687,0.12674997518617515,0.0,0.0987476502683204,0.09743490875643855,0.0,0.0,384,26.822916666666668,1.065220456627886,116,0.0,0.36196906682791596
threshold,500,500,82.4,17.6,0.5932784359890599,2.3205037291231894,0.5364852994646148,15.2,0.21962126747608537,0.03423744959529065,0.2423274068507842,0.18406699135393673,0.10143177629843803,0.05963105420652441,0.0,0.0,384,19.010416666666668,0.6835143513388982,116,2.586206896551724,0.2945664403482166
reactive,500,500,67.6,32.4,0.5803874931365968,1.649426104166666,0.3703241416135252,6.6,0.5854463502575422,0.010675449350012264,0.4033286209159123,0.2897979433406917,0.02836761366495675,0.01810623963698798,0.0,0.0,384,8.59375,0.6772369411580831,116,0.0,0.2597824238240902
naive_persistence,500,500,67.6,32.4,0.5813581736892134,1.6589524583333333,0.36715709163117516,6.2,0.5785030215231788,0.011104015207260239,0.40218052807493726,0.28961622516556296,0.02997102961689816,0.0193513178807947,0.0,0.0,384,8.072916666666666,0.6792058842255863,116,0.0,0.25744851122397894
arima,500,500,67.6,32.4,0.5813581736892134,1.6589524583333333,0.36715709163117516,6.2,0.5785030215231788,0.011104015207260239,0.40218052807493726,0.28961622516556296,0.02997102961689816,0.0193513178807947,0.28554431530765656,0.28961622516556296,384,8.072916666666666,0.6792058842255863,116,0.0,0.25744851122397894
predictive,500,500,67.0,33.0,0.5781178380558439,1.6589524583333333,0.3691196568696979,6.2,0.5739722774098601,0.011594491047338729,0.4021486630617488,0.28866347866077996,0.030824900907111513,0.02015186926661761,0.0,0.0,384,8.072916666666666,0.675301633071358,116,0.0,0.25640596490103823
edge_only,613,500,100.0,0.0,1.8778407541666668,4.688809291666666,0.26146960175000006,54.0,1.6963180090408807,0.0,0.4292809012666062,0.3406302505896226,0.03322899340668474,0.0,0.0,0.0,378,52.116402116402114,1.776204474206349,122,59.83606557377049,2.192746605191257
cloud_only,613,500,0.0,100.0,0.8942984425846242,2.431119331446821,0.9666322459036447,17.4,0.0,0.08339688312368973,0.13884972244936125,0.0,0.1096867899651059,0.10840739884696016,0.0,0.0,378,21.95767195767196,1.051193991662929,122,3.278688524590164,0.40817944626004066
threshold,613,500,81.2,18.8,0.6135572791208102,2.3813924462885816,0.543146031857434,14.2,0.2278289072327044,0.04188383647798742,0.2548341613460747,0.19100872838050315,0.12191518725054445,0.07151171016771489,0.0,0.0,378,16.402116402116402,0.6825608561226162,122,7.377049180327869,0.39975931103324674
reactive,613,500,65.0,35.0,0.5955722668615363,1.7959978333333313,0.38180186880951206,6.2,0.6570174970518866,0.014841477987421383,0.4561839175463379,0.3135109964622642,0.03502560799244803,0.024092194444444447,0.0,0.0,378,8.201058201058201,0.684747110813942,122,0.0,0.31927643887785256
naive_persistence,613,500,64.4,35.6,0.5913916142191306,1.816250625,0.3811303305054604,6.2,0.6551766420990566,0.015137707023060795,0.4579233817152898,0.31617418238993716,0.03518609289320833,0.024459689203354295,0.0,0.0,378,8.201058201058201,0.6815660677353,122,0.0,0.31199863529198246
arima,613,500,64.4,35.6,0.5913916142191306,1.816250625,0.3811303305054604,6.2,0.6551766420990566,0.015137707023060795,0.4579233817152898,0.31617418238993716,0.03518609289320833,0.024459689203354295,0.3143181557383042,0.31617418238993716,378,8.201058201058201,0.6815660677353,122,0.0,0.31199863529198246
predictive,613,500,63.4,36.6,0.5875938690860576,1.822750895833333,0.3834431790980092,6.4,0.6486260397012579,0.016163917976939203,0.45560631096769455,0.31156739386792454,0.0377478753807445,0.026628827568134176,0.0,0.0,378,8.465608465608465,0.6772290067817256,122,0.0,0.3098718850781677
edge_only,728,500,100.0,0.0,2.3486592108333344,5.3272983125000035,0.28262821125,65.0,2.310968239279936,0.0,0.44198829284340324,0.3562826537216828,0.03369108100586082,0.0,0.0,0.0,404,69.05940594059406,2.474181848184819,96,47.916666666666664,1.8204181119791691
cloud_only,728,500,0.0,100.0,0.9697290659029936,2.644004577389498,1.070445523131804,22.4,0.0,0.09015625836030204,0.1407805884887756,0.0,0.1163088651661058,0.11359169066882416,0.0,0.0,404,27.722772277227723,1.0966475251576853,96,0.0,0.4356138832061669
threshold,728,500,79.6,20.4,0.6582904123961127,2.6204795900028204,0.6293827273145477,16.8,0.23322393406148867,0.0469986089536138,0.27152878298846456,0.20752035497572816,0.12134727896153635,0.07504724973031285,0.0,0.0,404,19.801980198019802,0.7246784576010762,96,4.166666666666667,0.3789073888252248
reactive,728,500,65.2,34.8,0.6700180164411504,1.8495095970270576,0.419512900941326,8.6,0.7581018567961164,0.017652334681769147,0.45259595190554053,0.3194691150889968,0.04502821539431831,0.028414065264293423,0.0,0.0,404,10.643564356435643,0.7481186219246131,96,0.0,0.3413446350315777
naive_persistence,728,500,64.4,35.6,0.6653954744477778,1.8465848333333335,0.42055081972372776,8.4,0.7548630936488673,0.017718685275080907,0.4550145622477465,0.31946173240291265,0.044547993575499066,0.028521999460625672,0.0,0.0,404,10.396039603960396,0.7425340453393524,96,0.0,0.34077065527906836
arima,728,500,64.2,35.8,0.6671078715406451,1.8932550416666656,0.4199241704124594,8.2,0.7560848948220064,0.01789027346278317,0.45276756245806166,0.31745468750000005,0.04508087475884604,0.0283439331175836,0.31640555264570397,0.31745468750000005,404,10.148514851485148,0.7464281787476361,96,0.0,0.3333015787112246
predictive,728,500,63.8,36.2,0.6530218124397222,1.849443604166666,0.4257665660813626,8.2,0.722241628236246,0.019312400755124057,0.44720201574481744,0.3124267546521035,0.048333073001262175,0.030378769147788563,0.0,0.0,404,10.148514851485148,0.7297492343060706,96,0.0,0.33012724541883925
edge_only,841,500,100.0,0.0,1.3233900650000006,4.373503374999999,0.262288719,38.4,1.1636857333333337,0.0,0.38181636923158296,0.3061972157894737,0.029572107347332063,0.0,0.0,0.0,346,43.0635838150289,1.5019227625240852,154,27.92207792207792,0.9222711471861473
cloud_only,841,500,0.0,100.0,0.8583740442919504,2.3209563560359956,0.9301024526083939,17.6,0.0,0.07258249473684211,0.12356916284420898,0.0,0.09707829510784004,0.09223397192982456,0.0,0.0,346,24.277456647398843,1.0414235955747078,154,2.5974025974025974,0.4471068706306905
threshold,841,500,81.4,18.6,0.5443461021443949,2.094870667197125,0.5015977386351873,10.6,0.1891824403508772,0.03545591742690059,0.23958016830482357,0.1862033192982456,0.100991323007268,0.05660456140350877,0.0,0.0,346,14.45086705202312,0.6303120074584243,154,1.948051948051948,0.3512019252700175
reactive,841,500,70.0,30.0,0.5408958799674699,1.626340803479821,0.3553607324899184,6.4,0.5259266192982456,0.01145649216374269,0.39636251773326864,0.28081009122807016,0.03267935120142584,0.018809095204678362,0.0,0.0,346,9.248554913294798,0.6380966017452041,154,0.0,0.32250984272658634
naive_persistence,841,500,69.6,30.4,0.5372060645019685,1.626340803479821,0.35493038042575004,6.2,0.5168025877192982,0.012271087251461987,0.3992266843036813,0.2820936175438596,0.033441130890357766,0.02024232,0.0,0.0,346,8.959537572254336,0.6332010426018253,154,0.0,0.32152903578410835
arima,841,500,69.6,30.4,0.5373066999962984,1.626340803479821,0.35466399909232643,6.2,0.5168504447368422,0.012268869473684208,0.3993723265659198,0.28215606491228074,0.03359664697584536,0.020221231812865496,0.2824513921841992,0.28215606491228074,346,8.959537572254336,0.6334632501229017,154,0.0,0.3212666588027611
predictive,841,500,69.2,30.8,0.5368256278130098,1.626340803479821,0.35530629770901345,6.2,0.5139381289473683,0.012645828538011696,0.3984442621316774,0.28091005789473683,0.03594013603527714,0.02097136046783626,0.0,0.0,346,8.959537572254336,0.6332010426018253,154,0.0,0.32029385172904756
edge_only,955,500,100.0,0.0,1.475631993333333,3.5119702291666646,0.27619193525,43.4,1.2395748418293562,0.0,0.39439866956182784,0.31907254338394797,0.03075862297273684,0.0,0.0,0.0,397,47.103274559193956,1.5973369972712004,103,29.12621359223301,1.0065360072815532
cloud_only,955,500,0.0,100.0,0.9515511779982635,2.644685403895463,1.0503969078870368,21.6,0.0,0.0794569240780911,0.12852710313607896,0.0,0.0969044264432908,0.0923729824053989,0.0,0.0,397,27.20403022670025,1.0908989167996783,103,0.0,0.41445358281222716
threshold,955,500,80.4,19.6,0.6581507251881724,2.6193418321217017,0.605523915629263,15.0,0.2231200018076645,0.04080156158110387,0.2516076656264794,0.18298398951554593,0.1037449328852605,0.060167083152566886,0.0,0.0,397,18.89168765743073,0.7475307374308968,103,0.0,0.31364718285456444
reactive,955,500,67.4,32.6,0.6268533587858788,1.8035122083333321,0.4078536670350398,8.6,0.655258789768619,0.013885179079296216,0.4143464196792686,0.29139098608098335,0.03369059929706043,0.023214982887442757,0.0,0.0,397,10.831234256926953,0.7076696890216039,103,0.0,0.31535740632390835
naive_persistence,955,500,66.8,33.2,0.6280837609425991,1.8146588749999994,0.40659027837264267,9.0,0.6587202910339841,0.013966354543263436,0.4184558367393263,0.2936268429139552,0.03350961299911138,0.023194919739696316,0.0,0.0,397,11.335012594458439,0.7093637037176208,103,0.0,0.3148008747126614
arima,955,500,66.4,33.6,0.6271035708237322,1.8146588749999994,0.40763630960052377,9.0,0.6585434336587129,0.013989428778018799,0.4190826640526666,0.2936268429139552,0.03333128922076024,0.023216980477223426,0.29344886501297723,0.2936268429139552,397,11.335012594458439,0.708196042195209,103,0.0,0.3145432685472637
predictive,955,500,66.0,34.0,0.6164648165146275,1.787211645833333,0.4135995420397501,8.6,0.6379723571945047,0.014528144372137864,0.4191139048368215,0.29374704175704985,0.03480139184919436,0.0245657647625934,0.0,0.0,397,10.831234256926953,0.6958079090768788,103,0.0,0.31064726557080496
edge_only,1001,500,100.0,0.0,1.1332953866666666,3.536602833333332,0.27253649150000003,33.4,0.9655888092885374,0.0,0.41425183317664455,0.32970305747694334,0.027850310852113116,0.0,0.0,0.0,350,36.857142857142854,1.2393793607142858,150,25.333333333333332,0.8857661138888886
cloud_only,1001,500,0.0,100.0,0.8842651820353812,2.5297803328955433,0.9614016617746414,20.0,0.0,0.07257348375054896,0.11637451320347267,0.0,0.1052323003663095,0.0996518741765481,0.0,0.0,350,28.571428571428573,1.0791258403713355,150,0.0,0.4295903125848211
threshold,1001,500,80.6,19.4,0.6078459708600733,2.49729094363859,0.5599617895508814,13.8,0.16556210721343875,0.0407220138339921,0.21524161055544608,0.16233172183794464,0.11141995116684571,0.06472112955643392,0.0,0.0,350,19.142857142857142,0.7154908470718887,150,1.3333333333333333,0.3566745930325043
reactive,1001,500,68.8,31.2,0.5767698703457225,1.881747755167325,0.37137646620046666,7.4,0.5508904907773385,0.011641694773825208,0.4089242517652566,0.28995167572463765,0.03248809282725185,0.01901887922705314,0.0,0.0,350,10.571428571428571,0.6895444814700468,150,0.0,0.31362911105563235
naive_persistence,1001,500,68.2,31.8,0.5745125038366562,1.9072058333333322,0.3730045818974446,7.4,0.5429744927536232,0.011957872200263505,0.409583051217313,0.2893457847496706,0.03308747238972894,0.01965123407992973,0.0,0.0,350,10.571428571428571,0.6873364174145387,150,0.0,0.3112567054882638
arima,1001,500,68.2,31.8,0.5745125038366562,1.9072058333333322,0.3730045818974446,7.4,0.5429744927536232,0.011957872200263505,0.409583051217313,0.2893457847496706,0.03308747238972894,0.01965123407992973,0.28963171238789864,0.2893457847496706,350,10.571428571428571,0.6873364174145387,150,0.0,0.3112567054882638
predictive,1001,500,68.0,32.0,0.570557196586988,1.9072058333333322,0.37402248013659345,7.4,0.530789540513834,0.013086063021519542,0.4092955683302298,0.2876144639328063,0.03671556429920289,0.02129457707509881,0.0,0.0,350,10.571428571428571,0.6832339221764434,150,0.0,0.30764483687825883
edge_only,1122,500,100.0,0.0,1.1669026483333325,2.9396711458333273,0.256301360875,39.4,1.004931867543859,0.0,0.38477227230169536,0.3114290982456141,0.02814344253693273,0.0,0.0,0.0,351,43.58974358974359,1.2496898338081663,149,29.530201342281877,0.9718804865771806
cloud_only,1122,500,0.0,100.0,0.8508790306453988,2.4123963472006533,0.9288487670489565,20.4,0.0,0.07018448070175438,0.11759938488646891,0.0,0.09440804454479623,0.09139461637426902,0.0,0.0,351,28.49002849002849,1.0164729066167673,149,1.342281879194631,0.4607887590618397
threshold,1122,500,79.6,20.4,0.5651512364219211,2.398714796108379,0.5496296663251596,12.6,0.15626037456140351,0.03926119812865497,0.2028074999661501,0.1551170464912281,0.10563567612339445,0.06661433684210526,0.0,0.0,351,17.37891737891738,0.6518942178344009,149,1.342281879194631,0.36081038759118006
reactive,1122,500,67.6,32.4,0.531814358737962,1.6628911666666655,0.3491163958220919,6.2,0.5428521289473683,0.009956299883040937,0.39359060601255663,0.28299690350877194,0.027012952603127565,0.016765528421052632,0.0,0.0,351,8.547008547008547,0.6160002938247897,149,0.6711409395973155,0.33349715594952933
naive_persistence,1122,500,66.8,33.2,0.5256004538887217,1.6475042083333327,0.3520617567816155,6.0,0.5301609640350876,0.010786140350877195,0.3929147335576856,0.2831262631578948,0.028891714564575007,0.018312123040935675,0.0,0.0,351,8.262108262108262,0.6103012108007255,149,0.6711409395973155,0.32607048290809526
arima,1122,500,67.0,33.0,0.5262679597328065,1.6475042083333327,0.351227012126256,6.0,0.5303300692982456,0.010771108771929825,0.3926326364002563,0.2831262631578948,0.029199363992098753,0.01828205988304094,0.2834607719040552,0.2831262631578948,351,8.262108262108262,0.6112520738264873,149,0.6711409395973155,0.32607048290809526
predictive,1122,500,66.4,33.6,0.5255548356041979,1.6475042083333327,0.35239281179008697,6.0,0.5300332035087719,0.01080758807017544,0.39349936446164463,0.28307893157894737,0.028823477796052124,0.018355018479532165,0.0,0.0,351,8.262108262108262,0.6103012108007255,149,0.6711409395973155,0.32591740141640485
edge_only,1337,500,100.0,0.0,0.8964447441666666,2.4497071666666654,0.26309699762500005,24.8,0.7445461699029126,0.0,0.3747407745268925,0.29713808899676375,0.026918217671171425,0.0,0.0,0.0,353,28.611898016997166,1.006547381964117,147,15.646258503401361,0.6320486139455781
cloud_only,1337,500,0.0,100.0,0.8861889700145102,2.5021936862576313,0.97135560235313,18.2,0.0,0.0672965402373247,0.11247969526882345,0.0,0.09236024559294014,0.09398912405609494,0.0,0.0,353,24.929178470254957,1.0784332733530286,147,2.0408163265306123,0.4245410851267758
threshold,1337,500,82.6,17.4,0.563470209767479,2.471202192464767,0.5343683653736094,12.6,0.17145996116504855,0.03286386105717368,0.21614307879742412,0.17379269093851132,0.10089726897933063,0.059142890614886735,0.0,0.0,353,17.28045325779037,0.6677787894835775,147,1.3605442176870748,0.31298770201385445
reactive,1337,500,74.4,25.6,0.5157170367629799,1.4789936666666637,0.3420922038062724,4.4,0.4939145655339806,0.006840513700107875,0.38014757468719135,0.2825961796116505,0.019712344142180295,0.011664644660194174,0.0,0.0,353,5.949008498583569,0.6080061893284358,147,0.6802721088435374,0.2940975071330077
naive_persistence,1337,500,73.6,26.4,0.5129543694895653,1.4789936666666637,0.3424125359639985,4.2,0.48814341262135924,0.007538375188781014,0.3794434064228414,0.2801538203883496,0.021472638335651207,0.01302387011866235,0.0,0.0,353,5.665722379603399,0.6065911488236934,147,0.6802721088435374,0.28809870210897237
arima,1337,500,73.6,26.4,0.5129543694895653,1.4789936666666637,0.3424125359639985,4.2,0.48814341262135924,0.007538375188781014,0.3794434064228414,0.2801538203883496,0.021472638335651207,0.01302387011866235,0.27889514191789916,0.2801538203883496,353,5.665722379603399,0.6065911488236934,147,0.6802721088435374,0.28809870210897237
predictive,1337,500,73.0,27.0,0.5125219012176487,1.4789936666666637,0.34299081393885167,4.2,0.48658597491909383,0.007813308090614887,0.38004260943855656,0.2794937912621359,0.021905083188201835,0.013548875080906148,0.0,0.0,353,5.665722379603399,0.605995607717229,147,0.6802721088435374,0.28805783050777256
